[
  {
    "value": "pets",
    "synonyms": [
      "pets"
    ]
  },
  {
    "value": "professionalism",
    "synonyms": [
      "professionalism"
    ]
  },
  {
    "value": "disability leave",
    "synonyms": [
      "disability leave"
    ]
  },
  {
    "value": "nepotism",
    "synonyms": [
      "nepotism"
    ]
  },
  {
    "value": "smoke free environment",
    "synonyms": [
      "smoke free environment"
    ]
  },
  {
    "value": "resignation",
    "synonyms": [
      "resignation"
    ]
  },
  {
    "value": "discipline",
    "synonyms": [
      "discipline"
    ]
  },
  {
    "value": "sick leave",
    "synonyms": [
      "sick leave"
    ]
  },
  {
    "value": "layoff",
    "synonyms": [
      "layoff"
    ]
  },
  {
    "value": "probation",
    "synonyms": [
      "probation"
    ]
  },
  {
    "value": "hours of work",
    "synonyms": [
      "hours of work"
    ]
  },
  {
    "value": "jury duty",
    "synonyms": [
      "jury duty"
    ]
  },
  {
    "value": "employee classifications",
    "synonyms": [
      "employee classifications"
    ]
  },
  {
    "value": "statutory holidays",
    "synonyms": [
      "statutory holidays"
    ]
  },
  {
    "value": "personnel file",
    "synonyms": [
      "personnel file"
    ]
  },
  {
    "value": "employer property",
    "synonyms": [
      "employer property"
    ]
  },
  {
    "value": "annual salary",
    "synonyms": [
      "annual salary"
    ]
  },
  {
    "value": "orientation",
    "synonyms": [
      "orientation"
    ]
  },
  {
    "value": "confidential information",
    "synonyms": [
      "confidential information"
    ]
  },
  {
    "value": "test",
    "synonyms": [
      "test"
    ]
  },
  {
    "value": "group rrsp",
    "synonyms": [
      "group rrsp"
    ]
  },
  {
    "value": "scents",
    "synonyms": [
      "scents"
    ]
  },
  {
    "value": "employment equity",
    "synonyms": [
      "employment equity"
    ]
  },
  {
    "value": "employee duties",
    "synonyms": [
      "employee duties"
    ]
  },
  {
    "value": "termination for cause",
    "synonyms": [
      "termination for cause"
    ]
  },
  {
    "value": "renovations",
    "synonyms": [
      "renovations"
    ]
  },
  {
    "value": "performance appraisals",
    "synonyms": [
      "performance appraisals"
    ]
  },
  {
    "value": "intellectual property",
    "synonyms": [
      "intellectual property"
    ]
  },
  {
    "value": "compassionate leave",
    "synonyms": [
      "compassionate leave"
    ]
  },
  {
    "value": "termination without cause",
    "synonyms": [
      "termination without cause"
    ]
  },
  {
    "value": "unpaid leave",
    "synonyms": [
      "unpaid leave"
    ]
  },
  {
    "value": "overtime",
    "synonyms": [
      "overtime"
    ]
  },
  {
    "value": "recruitment and selection",
    "synonyms": [
      "recruitment and selection"
    ]
  }
]